text,label
At least Westbrook is a proven NBA caliber player. Bronny would be harder to defend.,hot_take
"On a scale of one to ten, how damaging would it be to the NBA landscape to eliminate salary caps and only have a team salary minimum? If the NBA had no salary caps like the MLB, how much would it impact team building?",analysis
"It doesn’t matter. They could start 4 guards next season for all anyone on the Bucks care. It’s a rebuild, they’ll attempt to find the most talent to make the slow climb out of mediocrity. They’re drafting for 3 years from now.",analysis
"Has anyone mentioned a three/four way Giannis trade with MIA AND BOS? MKE wants picks, Boston's best asset is Jaylen Brown and the Heat's best asset is this years #13. MKE wants a three way trade for a better pick with ATL or LAC but if neither bites, they may want quantity to trade up. Both the Celtics and the Heat get better if they aquire Giannis and Jaylen Brown respectively, and MKE could come back with #13, #27 and some solid pieces on the way back.",analysis
[Charania] A Giannis Antetokounmpo trade WILL be coming before the NBA Draft tomorrow. The Boston Celtics and the Miami Heat are considered the finalists with one mystery team considered in-play.,news
Games looking like this is atleast half the reason I don't watch anymore. Even when it goes in I don't find it entertaining.,reaction
"Expansion needs to come soon, the west is only getting harder. It's actually insane to think about how much talent is still on the rise.",hot_take
**D**arryn **P**eterson is the **b**est **p**layer **a**vailable **i**n **m**y **o**pinion,hot_take
LeBron James Says The Toughest Person He Has Ever Guarded Was 10 Year Old Derrick Tarver. LeBron says the toughest player he ever guarded wasn't an NBA star but childhood friend Derrick Tarver.,reaction
"Possibly the most underrated back up big in the league. And he fits the Gafford mold well. Sets screen, grabs boards, and punishes trap defense with easy dunks.",analysis
"naw fuck that i'm a steph diehard, we need to trade klay and help steph. otherwise we're truly wasting steph's last few good years",hot_take
I’ll relax when Embiid finally retires and stops turning the sport into a game of 21. Did you this that stunt he pulled in the Olympics? Literally gave up a breakaway free throw to try to bait a foul and the refs (not completely crooked like the NBA) just stared back and did nothing it was that awful.,hot_take
They could have scored 0 points in the first half and still won the game,reaction
>Attemptafreethrow Cute. Did your mom give you a gold star for that one?,reaction
"That Sacramento team had it all, just ran into two all time greats and some untimely, shots, tough referee calls and poor free throw shooting.",reaction
Didnt expect the clippers to make it to draft with 0 punishment,reaction
"strawman argument bro you're arguing against me not them, and I'm definitely not calling him top 3 OAT. you also edited your comment to include the plus minus stats of other players after I replied. Plus minus is pretty flawed because it's impossible for a great player to have a good plus minus if the rest of the squad sucks. put prime LeBron with 4 g-leaguers and his plus minus will be negative even though he'd be the best in the league",analysis
LeBron Says The Toughest Player He Ever Guarded Wasn't an NBA Star - It Was 10 Year Old Childhood Friend Derrick Tarver,reaction
Lakers should make a move to aquire AD and Klay. Luka Klay Rui Bron AD is a super deadly lineup. This is better than the lineup that Luka had in Dallas. Trade Reaves to anywhere to make this work as AR does not perform as well in the playoffs.,hot_take
[Charania] Deals involving Giannis Antetokounmpo are not expected to involve a third or fourth team. Boston's offer includes additional pieces on top of Jaylen Brown.,news
Why don't the Nuggets consider blowing it up? After their early exit this year it seems pretty clear that the window has closed. They don't have the assets to make any meaningful trades either so they will always be a tier below the other contenders. Wouldn't it make more sense to start the rebuild while their assets are still valuable?,analysis
At long last. They waited until #11 to add the team who drafted them in the title. @NBA_MOD LMAO.,reaction
imo none of them except kyshawn stands out to me as a long term starter,hot_take
In my opinion the 1990 MVP was the craziest ever. What other contenders would you say are there?,hot_take
"If you said last year that KAT should be traded because in 2-3 years the roster will get expensive, I don’t think that’s the right approach. I don’t disagree that trading KAT should be on the table. It’s just a lot harder when you run through the list of top-50 guys, even top-75 guys",analysis
"AJ Dybansta on what he brings to the table: I'm super versatile, 6'9 doing it all. Can play 1 through 5. I'm bringing the ball up, throwing lobs. I'm an exciting player, so I fill seats. And I'm just super relatable though.",reaction
I wish she would've sold to Phil Knight. But then she couldn't print free money,reaction
"I just can’t see Curry being in that same tier with those guys. He’s had 10x all-nba but only 5x first team, while Magic was 10x and 9x first team, Duncan was 15x and 10x first team, and Kobe was 15x and 11x first team. I personally think the next tier is 4-11ish and then Steph, KD, Oscar, Jerry West and a few others are in the next tier below. Steph “changing the game” is a decent argument, but he was a slow starter compared to everyone else in the 4-11 range",analysis
Why isn't Atlanta making a move for Giannis? They were the 5th seed this year and only team that took 2 games from the Knicks. Atlanta is unlikely to be contending for a title as they currently are anytime soon. Why aren't they at least throwing out an offer for Giannis?,analysis
It's a noticable thing that morons can parrot without having to think,reaction
Yep we now have the 2 players who impressed everyone by scoring a bunch the most college as a freshman while playing no defense,analysis
"[Siegel] The Heat want a decision on their Giannis Antetokounmpo pursuit before the end of Monday night, so they know whether they need to pivot hard before the draft to Kawhi Leonard",news
Why trade Brown and not Tatum? Tatum has been the overall better player. But is there a case to be made that the JB/Giannis pairing would be better?,hot_take
"[Stein] If the Bucks indeed choose Boston's offer over Miami's, Milwaukee ownership's insistence on getting a bonafide star back for Giannis would be among the deciding factors.",news
"The Giannis trade saga is overshadowing the fact that this could be our first look at how a rebuild looks with the new draft lottery rules. Before when superstars requested trades, the expected package was pretty much the same. But now with those new draft lottery rules everything's flipped. You can't tank anymore as that gets punished and you also don't want to be an immediate playoff team. So what do you prioritize now?",analysis
2026 NBA DRAFT TIER LIST,analysis
"Tatum and Giannis is the best duo since __? Minimum since healthy Lebron and AD, small argument for Harden+KD on the Nets but they barely played so cmon. I think Lebron/AD is the pick but if you want to go back further you can argue since Steph/KD on Golden State. The East is going to actually be BRUTAL next year",hot_take
Is Tatum + Giannis the next MJ + Pippen? Tatum + Giannis might be a more dominant duo. They both won a ring separately. They are bigger and longer 6'8 tatum and 6'11 Giannis. If they stay healthy how screwed is the league?,hot_take
"Mavs are the most threatening in the paint, actually. Luka and Kyrie are great at beating any defender at the perimeter, but if we did not have Lively or Gaff, Luka would have been forced to take mid-ranges on nearly every possession and that is a huge win for the other team. Our biggest weapon so far has been the lob threats, since we lack 3p shooting. That is what worries me the most. If Celtics get hot from 3, it will be nearly impossible for us to beat them.",analysis
Maybe i'm still smoking that copium but i want to see another year before writing him off. Preferably with quickley playing some basketball,reaction
Well you got at least two prominent persons supporting an anti semit on your roster wich make them anti semite too by your logic so it kind of equals out right? Your argumentation for who one should root for is flawed and it’s the Boston arrogance you can see on here all the time….ism a Detroit fan I have no stakes here but I don’t need you to tell me I can’t root for Luka bc his coach did something realy shitty years ago….if you realy want to go down that route boycott sports in general because that’s the root of it all,analysis
This is the most sensible draft I've ever seen. Why is everyone making good picks?,reaction
"There are plenty of players who rely on their athleticism too much and never transition to rely on other parts of their game as their athleticism leaves them. People have been saying for years that Giannis only runs and jumps, which is why people bring up that he is diversifying.",analysis
"I don’t get your point. Murray was clearly hurt last year in the playoffs. And shit, looks like he’s rounding into shape and form over the last handful of games. And now Denver has another ball handling guard that can alleviate pressure, run actions with their offensive juggernaut and bridge into a 2nd unit. Seems like good things to me. Happy New Year pal",reaction
I’m thinking PJ and Gafford are gone. I just don’t think having two low post guys that can’t shoot is going to work right now.,hot_take
Thoughts on new Minnesota Timberwolves logo?,reaction
"> I am convinced if you could get people to get over their hangups regarding numbers, you could just make threes worth 2.5 pts and probably improve the watchability a good bit, at least for some fans. Free throws on shooting fouls are a problem there. IMO add a point to both 2s and 3s to adjust the *relative* values, then grant an automatic point on shooting/bonus fouls in addition to the FTs.",hot_take
From Cornerstone To Dead Weight: The Decline And Soon To Be Disappearance Of Tracy McGrady,analysis
[Charania] The Miami Heat and the Boston Celtics are the only two teams involved in the Giannis Antetokounmpo sweepstakes that have gotten the commitment from him to sign long term.,news
"You didn’t say on average in your first comment. Also the NBA doesn’t care about averages, they care what has happened on the court in the past",reaction
"Hot take. I would like ament here for OKC, if they can find a way to give him some minutes here and there, and he can find a way to perform enough to get some in game development think it could be a big addition when the contracts really start to kick in",analysis
"[Fischer] Darryn Peterson just told me here at NBA Draft media day that he did meet with the Utah Jazz over this weekend. Peterson declined to say whether that was in-person, but said it was more of a Combine-like interview than an on-court workout.",news
"[Bill Simmons Pod] Zach Lowe: I do think that the Knicks winning and the outpouring of emotion from the entirety of New York City is a meaningful, material change to what the Brooklyn Nets mean to the NBA.",analysis
The Detroit Pistons have tendered a qualifying offer to Jalen Duren. Duren will now be a restricted free agent this offseason.,news
Daryl Morey's NBA Ponzi Scheme. Always selling a future that never comes.,hot_take
"OKC's guard depth put into perspective. With the Aaron Wiggins trade, I was thinking about how deep OKC had to be at the guard position. The 2 starters at PG and SG are obviously SGA and Jalen Williams, 2 all nba players in their own right. They still have 7 guards deep.",analysis
"And the opponents only needed 433 of those points to win those 4 games. Scoring that extra unneeded 122 points was a real Dick move, not gonna lie.",hot_take
I will never forget the game Rambus finally gave Love real minutes and love had that 30/30 game.,reaction
"I’m curious about the optics of passing on Bronny at 17 if he is (and probably will be) available. It signals to Lebron that “we think he’s ass, but we hope to draft him at the end of the 2nd round”. Part of me thinks that the Pelicans, aside from the fact that this draft class isn’t very good, gave the pick back to the Lakers to force them into this position out of spite lol",hot_take
Can’t trust rookies so draft a guy 5 year older than rookies,hot_take
OKC is gonna get Mara. This might be their answer to Wemby. Shit.,hot_take
Bro is just tall. I don't think he's that amazing but who knows.,reaction
Pretty sure Warriors fans have blocked that name from their memories,reaction
This might be my favorite comment ever because its exposing people for not knowing ball and just following social media hater narratives. Theres hella stories and videos of bron gettin heckled then turnin tf up. People act like he has no dawg in him its crazy.,analysis
Bill Walton's 44 point game at UCLA.,reaction
It’s a fuckin death cult I’ve lost probably 5000 karma and got banned several times for saying Barnes isn’t good,reaction
"Bam and Giannis is the best duo since __? Minimum since healthy Lebron and AD, small argument for Harden+KD on the Nets but they barely played so cmon. I think Lebron/AD is the pick but if you want to go back further you can argue since Steph/KD on Golden State. The East is going to actually be BRUTAL next year",hot_take
Thanks for explaining the team that I watch every minute of lol,reaction
"iirc he once led the league in free throws while being top 3 in threes, or vice versa. dude was a killer, ahead of his time scorer",analysis
Agreed. r/baseball banned Streamable this season because of this. MLB was flagging basically every highlight and then their official account started posting highlights itself.,analysis
Jalen Duren will be on a qualifying offer and a restricted free agent this offseason. Per Keith Smith,news
I mean KD was consensus the 2nd best in the league at the time.,hot_take
"Keep preaching, bro, but sadly, I don't think they are listening. Everyone points back to Drose freak injury 14 years ago, and every injury since then is Thibs' fault for playing them too much despite ample evidence that it clearly wasn't. The funny thing is Drose clearly didn't blame Thibs for his injury because he went to go play for him in Minny and with us a few years ago, but yet the rest of r/nba blames Thibs relentlessly.",analysis
You’re right it was worse than I remembered. What’s crazy is that was nearly 11 years ago now wtf…..,reaction
He’s great. But he’s being well paid in 24-25 and in 25-26 unless he himself declines his option. Why does Riley owe him money for 26-27 now?,reaction
Yeah and MJ did say in The Last Dance that he was actually actively looking for that sort of thing to fuel him. As a competitor he needed that. To the extent that he’d sometimes create in his own imagination an incident where another player said something bad about him.,analysis
not to be overly dramatic but Billups tenure is actively killing the young guys' careers. Scoot has been terrible and looks like he has zero confidence (except the 2 games where Billups was out... interesting). Sharpe looks 100% checked-out. Nobody seems to care on the court but I can't blame them. Coach doesn't care either. They only lost by 20 and not 40!,analysis
"Yeah gimme two firsts to take on his contract Bulls fans were throwing up at the thought of taking DLo, Reaves, Rui and a pick for him at the trade deadline lmfao",analysis
[Anthony Chiang] The Miami Heat don't want to gut their roster and draft capital for Giannis Antetokounmpo,news
"I agree. I don’t cancel anybody unless they’re toxic to be around but that is a personal matter, not what I choose for entertainment. Canceling Mel Gibson is as dumb as it gets! There are people far worse.",hot_take
"The equator is actually further away from the center of earth because the earth bulges in the middle. The highest point on earth is Mt Chimborazo in Ecuador dispite being only 20,500 feet tall.",analysis
"Sorry, I was just watching the broadcast and Yaxel and Ament looked despondent.",reaction
So all these wild swinging trade rumors are just prediction market manipulation right? There's been way more talk about who the frontrunner is in every rumor drop that it feels too intentional to skew the markets.,hot_take
What do you mean? I’m pretty sure the league is overloaded 3x MVP centers in the prime of their career. Surely…,hot_take
I think actually by other professionals and front office staffs in the league ironically.,reaction
"Bill Russell was the first Black MVP, All-NBA first teamer, head coach and champion coach, and led the NBA's first all-Black starting lineup to a 12-0 record. Yet he declined being the first Black Hall of Famer, believing earlier Black pioneers who didn't get a chance in the pros deserved the honor.",analysis
Does he pull up his short pants? I think that’s my favorite fake tough guy thing to do,reaction
"We were .500 without our two best players, one of which is arguably the best player in the league... that's the opposite of bad",hot_take
Warriors picking a win-now guy when they should be picking someone 5 years younger,hot_take
"[Fischer] Milwaukee's decision makers are split and currently deciding between Boston's package for Giannis Antetokounmpo (Brown, Gonzalez, limited draft capital) and Miami's (Herro, Ware, Jaquez, multiple first-round picks).",news
He’s not going to be all nba. Could he be a 10+ year starter tho? Absolutely,hot_take
"Lebron led his team to the best record in the NBA that season, averaging 26/8/7 with elite (56%) shooting efficiency, while impacting all aspects of the game. Melo led his team to the 6th best record in the NBA that season while averaging 28/6/2 with mediocre (45%) efficiency while not really impacting the game in any way other than scoring. that’s why",analysis
Also the first NBA player EVER to put up these stats AND also play chess at the park who is also named Victory Wembanyama. Keep an eye out for my Reddit post.,hot_take
"Presti’s comments in the end of year conference line up with this. He said that Chet and JWill only played together for 2.5% of the season, and that was on purpose. They’re not going to abandon small ball because they got out-shot by the conference champions.",analysis
"[Charania] The Milwaukee Bucks are finalizing a trade to send Giannis Antetokounmpo to the Toronto Raptors for RJ Barrett, Brandon Ingram and 2027 2028 and 2029 First round draft picks",news
"It was just Draymond sucks chants (I was in that section lol). Nothing dangerous but boy were these chants loud 😂 And it was continuous. A lot of ""Rudy Rudy Rudy"" chants too He probably just got sick of it because there were fans 1 hour before the game chanting Draymond sucks and fans still there doing it 30-40 min after the game lol. I loved it. Draymond is fine, he was probably just annoyed of hearing it so much",analysis
around 20 kids under the age of 5 have been killed by pitbulls in the u.s. since 2020. guess that’s a joke to you,analysis
"[Krawczynski] So far this offseason, the Minnesota Timberwolves have held discussions on Giannis Antetokounmpo, Kyrie Irving, Trey Murphy III, Josh Giddey, and Derrick White, though none have culminated in a deal yet.",news
So basically another Amen Thompson with slightly better passing? I just don’t get the plan here for Houston.,hot_take
He does this BS and the other time he dragged down Rui and Knecht. Clown!,reaction
"do we think jaylen brown is getting traded? personally I don't want them to trade him at all. hes one of the best two-way players in the league, just won Finals MVP, and has been a huge part of bostons success for years.",hot_take
"I'd be surprised if it was anyone besides Boston, they're absolute monsters in the playoffs",hot_take
and another thing: I'm not mad. Please don't put in the newspaper that I got mad. -ElonEpsteinPedo,reaction
"It’s hilarious how - “Well, I bet you wouldn’t be a dick to someone if you met them” is supposed to be an insult. Like yea, no shit. Anyone who would insult any entertainer’s work to their face just to be a jerk is a POS",reaction
"I think the real question is, if today’s game has changed so much in terms of scoring, would it even really be comparable to Jordan if Luka did pull it off?",analysis
Best PG in the league. Have you all even seen how good he is at passing the ball to Turner?,hot_take
Please don’t pick Mara thinking he can be a Wemby stopper OKC,reaction
"Basketball super-junkies and analytics nerds (and Celtics fans) are the only people that like this shit and that’s a huge reason why general interest in the league is probably the worst it’s ever been since the 70s. The NBA is an entertainment product. The best way of playing the sport simultaneously being the most boring way of playing it isn’t a good thing. They’ll adjust some rules in a major way within the next 5 years, I’d bet money on it.",analysis
KD was clearly the 2nd best player in the NBA all of those years but obviously Lebron was the talk of the town.,hot_take
"[Sankofa] Duncan Robinson, Isaiah Stewart, and Ron Holland are candidates to be moved in a potential Tyler Herro trade to Detroit.",news
Getting post season success is largely luck dependent. Front office maximizes the luck and that’s all you can ask nothing guaranteed. I think they’ve done an excellent job of maximizing that.,hot_take
"I said it last year because KAT disappeared in the playoffs. This year he played much better in rounds 1 and 2 but poorly vs Dallas. At this point in his career, he is who he is.",analysis
"Dumars didn’t budge, fine with this pick. not taking Mara means we’re probably re-signing Porzingis and I’m fine with that.",reaction
"It’s really about keeping the games close heading into the last 5mins, at which point the Mavs have potentially the two best closers. It’s not unrealistic to think the Mavs can win 4 close games while getting blown out in 3 others.",analysis
"If we're talking purely about on court impact, is it fair to say that Steph is the most influential player in nba history?",hot_take
Yeah they're gonna give him the keys. Lavine and Demar at the very least will be gone either this summer or after this season at the very latest,hot_take
Damn I knew there was a reason I lost some of the love for NBA Basketball and you just brought my thoughts to words. Thank you.,reaction
"I’d rather find a way to make it Bam Herro Fox tbh. Maybe not before this deadline, but I do wonder if the FO is hesitant to extend Jimmy because they’re looking at Fox’s 2026 FA.",analysis
They'd be trading for his expiring contract really for a future deal.,analysis
"""If one morning I got up and walked on top of the water across the Potomac River, the headline in the afternoon would read 'President Can't Swim'"" ~~Lyndon B. Johnson~~ LeBron R. James",reaction
Pacers vs Lakers -- One of the best buzzer beaters I've seen in a long time [Video],reaction
Does being 2nd team all NBA count as an individual accolade?,reaction
"For who? You can't just trade him willy nilly, and he's better for the Wolves than he is for most other teams.",hot_take
"Dallas Mavericks hire Dusty May from Michigan as new head coach, per NBC Sports",news
"a lot of people are clowning the warriors, but yaxel is going to be better than half the players just drafted lmao. Sometimes the safe option is actually the safe option",hot_take
"[Chiang] Jaylen Brown is now on the table for Antetokounmpo. The Heat are forced to improve their offer to get a deal done, though sources say they don't want to gut the team and draft capital.",news
"HOOPS vs SOCCER, an examination of the importance of individual talent vs team play. Which sport relies more on individual talent vs team chemistry for success? On one hand theres less people in hoops but soccer has a bigger field.",analysis
Yaxel can play 3 to 5. He was deadass getting used to defend guards,reaction
Mavs play a flashier brand of basketball. Boston works hard on the basics and fundamentals and seem to just get the job done.,analysis
"Yeah but that's not the question lol, I think that's pretty obvious with the 11 scoring titles as that would be comparable.",hot_take
"The Heat and Celtics have the potential to do the funniest thing ever. Just take the Giannis packages from both teams and trade with each other, Giannis never escapes Milwaukee, Shams is destined to report on potential Giannis trades for the rest of his life.",reaction
We need the Hawks to come through with another trade proposal to grab him RIGHT NOW!,reaction
"Contract security? He’s on a max contract, he has a $50M player option, and since it’s an option he can hit unrestricted free agency if he wants. His choice of $50M or free agency at 35 years old isn’t enough??",analysis
[ALLCITY] Marc Stein: No.13 is a pretty damn good pick. Kel'el Ware is an on the rise prospect. Tyler Herro by all accounts is going to have a trade market.,news
So you would take a trio of herro/butler/bam instead of fox/butler/bam?? I take the latter any day,hot_take
These would unfortunately be close to the packages which means that this deal ain’t happening,reaction
"Honestly, get him out of New Orleans. There's just too much Gumbo and other delicious food for him to ever lose weight. Ideally, you'd send him to California where the idea of ""seasoning food"" is lost on the people that live there, but none of those teams have the assets for it nor a reason to take a chance. Brooklyn and OKC are the only two places I can think of with an absurd amount of draft assets to try this. But I'm pretty sure he'd stay fat on BBQ in OKC and whatever the hell he wanted to eat in Brooklyn.",hot_take
Yeah the way everyone (and it could just be general misunderstanding of the options on the pick) has been talking about LA picking Bronny at 17 like it was already a foregone conclusion that NO would defer. It just makes way too much sense for them to wait a year.,analysis
"As much as I'd like him to bust, I think he's going to be a great role player for GSW",hot_take
"[Charania] Sources tell me a trade and a resolution is coming for the Milwaukee Bucks with Giannis Antetokounmpo before the NBA Draft. Heat, Celtics are finalists and trade will be a 2-team deal.",news
"Reclamation Projects. So what are examples of players who were drafted in the lottery, didn't do well with their first team but then had success once they changed teams? And who are players right now that you think could do better in a new environment?",hot_take
[ALLCITY] Marc Stein: It's pretty well known at this point that Giannis wants to stay in the East. The Miami Heat and the Boston Celtics are the two teams that have extreme confidence that Giannis will do an extension if he's traded there.,news
New to nba can someone please explain to me the second apron? Why are teams so concerned about this? What is the cap and what is this new rule?,reaction
Lendeborg is good but he's also 23 and turns 24 in September.,reaction
"i take back my dumbass sarcastic congratulations for GSW fans, i hope Yaxel ends up being a DAWG in the NBA.",reaction
[Charania] BREAKING: University of Michigan coach Dusty May has agreed to become the new head coach of the Dallas Mavericks,news
Draymond green 2.0 whether that’s a good or bad thing who knows,reaction
Payton and Sam just guarded Luka and Kyrie in the finals and the Celtics were able to do it without help consistently and not get beat. Can Darius Garland guard the Jays without Help? Lol those two are very good defenders.,reaction
Because NBA fans are whiny idiots with short term memories. And the media will talk about whatever these whiny idiots will watch.,analysis
"Kids crying on Reddit because his team only employs giannis, bamonte and 13 bums! It’s okay kid! At least 3 more roster spots are going to Giannis’s brothers!",analysis
What if the Bucks had Sold-High on Giannis in 2024? Two years ago the Bucks were coming off another disappointing first round exit. But what if the Bucks had decided that summer in 2024 to trade Giannis to a contender and start their rebuild? What would the potential trade offers have looked like?,analysis
"LeBron and Ray Allen. Not a superstar duo by the time they played together, but Ray had the one skill that LeBron was solely lacking in during his Miami time.",analysis
I think Ant has a compatible style of play and flashes of Jordan in his play - which is different to being the next Jordan,hot_take
Clippers: Curse or Excuse? Every time something doesn't go a team's way they revert back to the same old prognosis; we must be cursed.,hot_take
Last 2 minutes take too long...,hot_take
I'm from the future. Kyrie was the second best player. The best was Exum.,hot_take
Do you think Jaylen Brown is poised for a breakout career similar to Harden or T-Mac when they left the shadows of their previous teams? Harden left OKC from under KD and Westbrook and became an MVP. T-Mac left Vince Carter and had a HOF career with the Magic and Rockets.,analysis
[Windhorst] The LA Clippers have quietly been visiting draft prospects expected to be taken in the late lottery range. This could signal a trade of Leonard to Miami or Golden State.,news
"No, it’s absolutely true. BI has never taken his team anywhere—and why should they brand themselves an organization, to every other GM in the league, (again?) that’ll take whatever you offer. Short-term it’s a “damn, oh well”, thing. Long term, other GMs will have this as a reference: They just let ___ walk. Some better make serious offers.",hot_take
Aday please don’t go to OKC bro I can’t root for you there 😭,reaction
"I mean, even the Mavericks scouts had Ayton #1. He was seen to be a special two way big man in the mold of Embiid previously or KAT.",hot_take
"Harden/CP3 on the Rockets is easily on that level as well. I would take all those duos above Curry/Klay. Frankly, Klay is not at that level offensively, Curry does the heavy lifting in that duo.",hot_take
"Shannon's Put Back Dunk - Lakers vs Mavericks: unbelievable elevation - head at rim-height, and hands at the top of the square on the backboard. Awesome!",reaction
"If Pistons could do it for Holland and a first round pick, they should do it. I love Holland so far but Zion Is who he is.",hot_take
"[Fischer] A split faction of Milwaukee's decision makers is deciding between Boston's package built around Jaylen Brown and Hugo Gonzales plus limited draft capital, compared to Miami's offer of younger pieces Tyler Herro, Kel'el Ware, Jaime Jaquez Jr. and multiple first-round picks.",news
Oh god i have to see the Paul George trade graphic after this pick,reaction
"Celtics Star Jaylen Brown Teases Move to Chinese Basketball Association. Brown jokingly expressed his interest in playing for a Chinese basketball team. Shanghai, I'm outta here. You write a check, $400 million.",reaction
there's gotta be something lacking with Mara if drops to OKC,hot_take
"Holy hell this season pissed me off so damn much. I mean, I get that they’re leading to a resolution (hopefully) for next season, but that shit just left me so unsatisfied. *So* many threads left dangling.",reaction
"I wanted to find out if the 5 Big East players starting the NBA finals was the most ever for one college conference. So I went back and checked every NBA finals in history. Based on my findings, 5 starters from the same conference is the record, with 4 players in the same conference only happening 3 times.",analysis
"[ALLCITY] Marc Stein: We know the Bucks really want an additional lottery pick. If they do the deal with Miami, they'll have #13. BOS only has #27.",news
"It's so weird, but it's really the one deal that makes sense for both bad contracts. Nets get the better player with the nastier contract, Bulls get the worse player with the better contract.",analysis
Can we grab Carlos boozer too to our front office to coach the young big guys please,reaction
I fully expect Presti to hit Silver with a steel chair just as before he announces our pick,reaction
"Giannis to Celtics trade proposal. Bucks get: Jaylen Brown, Neemias Queta, 1 or 2 first round picks. Celtics get: Giannis. Celtics become arguably championship favorites. Bucks get a 29 year old who averaged 29/7/5 on 57 TS%. Who says no?",analysis
The Thunder made it know they wanted Mara. Kinda shocked no one took him so they wouldn’t lol,reaction
Celtics play 5 out - if your bigs stay in the paint; KP and Horford will have open 3's all game. If they go out to defend the three - the paint is open choices! Minny couldn't play 5 out with their starters cause of Rudy.,analysis
"so to be clear, the guy i originally replied to who said they're rooting for the mavs because of lively's dead mom is not a normal person, right? because they're choosing their rooting interest based on, well, NOT the sport",analysis
Alright how about no one draft Mara and let the Lakers take him Thanks,reaction
"same way most teams that’ve beaten us this season have beaten us - they’ll have to win at the 3P line more than half (11) of our 20 losses this season have featured our opponent shooting 40% or better from 3, and in 10 of those 11 games the opponent made at least 17 3s at that clip the Celtics are actually 17-11 when their opponent shoots that well from 3 though so you also need them to shoot poorly from 3. in 7/11 of the games I’m referencing Boston shot worse than 33% from 3, and the only one of those games where their opponent made less than 17 3s (Game 2 of the Cavs series, Cleveland finished 13/28 from deep) featured quite literally the worst Celtics shooting performance of the season (7/34 before a late make by Oshae Brissett in garbage time) TL;DR: make a bunch of 3s at a highly efficient clip while also forcing the Celtics to shoot poorly from 3",analysis
[Keith Smith] The Detroit Pistons have tendered a qualifying offer to Jalen Duren. Duren will now be a restricted free agent this offseason.,news
"> Keep an eye out for Zach Edey, he’s starting to settle into the NBA game and opposing frontcourts are already having issues with him in the paint. That's kind of the problem. Modern defense isn't ""allowed to play defense"". So you have to send multiple people to stop a layup. Which means there's always a theoretical window where a 3pt shooter is open. And you wonder why 3pt attempts are at an all time high. &nbsp; Not because players have unguardable stepback 3's (well a little bit of that). But because even a player like Gobert, is a threat in the paint, and requires 2 players collapsing on him.",analysis
"Really? It’s a weird pick for me, but who knows maybe they got trades ready.",reaction
Also this looks completely different if Luka has Lively as a pick and roll partner instead of Boban. Lively is 1000x better in the short roll and he could help Luka escape what is basically a trap between Simmons and Embiid.,analysis
It would be a disaster to implement and just really impractical overall End of game scenarios would change making it significantly more difficult for teams to come from behind to tie/win It would also over correct to the point where teams would be letting opponents shoot as many 3s as they want because of the drop in value,analysis
Where will LeBron James rank all time if his career was reversed? I got the idea from 2k and he will spend the same time he spent in real life with these teams in this scenario.,hot_take
"The Celtics are doing the right thing prioritizing Giannis over Jaylen Brown, but this is exactly why I will never care when a player prioritizes himself over an organization. Jaylen Brown has done EVERYTHING the Celtics have asked him to do and is STILL getting traded. Loyalty from a player is the most overrated thing in sports. Do whats best for yourself.",hot_take
[Stein] The Mavs and Thunder have discussed a trade that would send pick #9 to Oklahoma City for picks #12 and #17,news
"Rockets wont offer anyone valuable enough, same with Spurs. Neither team is ""win now"" enough. I could actually see the Lakers making a play for him but they would have to overpay, but he might be enough to make them contenders.",hot_take
And? Most of his points still come from the mid range. You need to take some medication and relax bro.,reaction
"Amateur Scouting Accuracy, League History. Using win-shares, we find that it is very rare for the NBA to successfully identify the top draft prospects. There is only one season in which all three of the best players were drafted within the top three picks. In 31% of drafts none of the top three picks wind up among the three-best players from that draft.",analysis
Almost 140 points per game! Perhaps they should change their mascot to Matadors.,reaction
"He was a special perimeter defender with his length and speed. The problem was that he wasn’t great at the rim which severely limited his value. He’d be a watered down Draymond if he could protect the rim to a high level, even with his lack of a jumper or Drays IQ. He pushed the pace in transition well and while not as good a passer as Draymond, he was decent. I do also think Simmons was drafted to a team that was all wrong for him considering his refusal to improve on offense. To build around a traditional big man like Embiid, Shaq, Hakeem, even Duncan, you need shooting and it needs to be excellent. History shows that. Robert Horry, Steve Smith, Bruce Bowen, Jaren Jackson, Mario Elie, Derek Anderson, Derrick Fisher, Rick Fox etc. The sixers have lacked these quality 3&D wings. 94 and 95 Rockets were by far the best 3pt shooters in the league.",analysis
"I mean he only averaged 18 once in the 21-22 season. Since then his role had been slowly diminishing, there was no way the raptors were gonna resign him to a significant contract. At least from what I gathered pre season the raptors had essentially 0 interest in retaining GTJ as he neither fit their timeline nor was hea valuable piece in their eyes. GTJ could have probably signed for a tanking team and gotten a 6M/Y ish multi-year contract in line with a role player of his production level, or sign a on year minum prove it deal with a contender and see if he can rehab value. Same deal we had Malik Beasley on last year.",analysis
Simmons would guard Doncic well but this would be offset many times over by the fact that the Mavericks could play the greatest defense in league history simply by intentionally fouling him (0.75 PPP on hackaBen in his last playoffs),hot_take
Viewership is plummeting across the board for everyone not named the NFL. Nothing is going to stop cable TV from dying. Nielsen TV ratings mean fuck all at this point because next to nobody owns a Nielsen box anymore.,analysis
"NBA depth charts up for all 30 teams updated daily. With the NBA Draft tomorrow and free agency opening a week later, I wanted to share a free resource I've been maintaining to help keep track of every team's depth chart.",reaction
They're undoubtedly in a great position but they need to finish the job before they can claim to be the best at it.,hot_take
How is that fair? Knicks / current team should be able to offer the best contract.,analysis
"Warriors legend Purvis Short should be in the conversation for top 5 on this list. He had multiple 25 or more PPG years in his prime. If you don’t include All Rookie teams which is easier to make, Ron Harper is the answer.",hot_take
So is nobody to going to make the observation Mara looks like Reed Sheppard if he took a super HGH pill and had an unnatural growth spurt overnight?,hot_take
"If a Giannis/Jaylen Brown exchange goes through, it would be the first time two Finals MVPs have ever been traded for each other. There were four Finals MVPs traded squarely in their primes (Kareem, Shaq, Kawhi, Dennis Johnson) after having won the award.",analysis
do we think jaylen brown is getting traded?,hot_take
"If Giannis gets traded today, it will happen between 5-10PM based on historical precedent. Mikal Bridges to the Knicks 2024: night before draft at 9:30PM ET. Anthony Davis to the Lakers 2019: Saturday before draft around 6:45PM ET. Bradley Beal to the Suns 2023: Sunday before draft around 6:00PM ET.",analysis
Giannis is going to be a Laker today I can feel it. I can't wait to see the tears on r/nba when it officially happens. Don't ask me how I know but Giannis is gonna be a Laker. I can already envision the cope on the sub. I cannot wait.,hot_take
"If the Giannis/Brown trade happens, how likely is it for Brown to play with Milwaukee next season? How serious is Jaylen Brown about not wanting to play in Milwaukee? If very, who is the leading team to snatch him in a secondary trade?",analysis
Halis bed must not be helping his phantom injury anymore. Sad.,reaction
"Oh I absolutely would lol that’d be fun as hell. Dude likes white girls and lattes, he’s not going to do a thing but laugh it off. He also doesn’t care.",hot_take
"nba offseason project daily nba sports card trivia - hey guys, with nothing left to do in the offseason god help me i built a daily nba sportscard trivia game similar to immaculate grid and wordle that im looking to get feedback on. would any of you be willing to be my guinea pig?",reaction
A center? The warriors need more players under 6'10 obviously,hot_take
Dallas offered him a smaller and shorter contract than he wanted and no other team out bid them. Sobered him right up.,analysis
yea i cant find any actual science or journalism for this that isnt going to a scared parents blog who probably wont buy their kids shoes.,hot_take
What is your team's far and away worst decision ever made? For the pistons it has to be the Darko pick over Carmelo. The Pistons were already a good team and had the opportunity to add someone great. Carmelo could've turned the Pistons into a dynasty.,hot_take
"great team, no doubt. but the announcers have been mad annoying on why the whole “too many threes” narrative doesn’t apply to them because “they’re the best at making them” when that’s just plain untrue. imma stay hatin",analysis
[Smith] The Detroit Pistons have tendered a qualifying offer to Jalen Duren. Duren will now be a restricted free agent this offseason.,news
[Highlight] When Damian Lillard Hit a Game Winning 3 With 0.9 Seconds Left To Eliminate The Rockets,reaction
[Stein] One league source told TheSteinLine that the Celtics emerged from the weekend with a real shot to win this race with a Jaylen Brown-centric offer.,news
"How would you rate a Warrior team with a healthy Kawhi and Porzingis next year? I would have them ahead of OKC, maybe tied with the Spurs out of the west.",hot_take
>you wonder how much his PPP are boosted by him hitting those random crazy shots. You make it sound like he's just tossing up prayers. Those aren't random crazy shots to great scorers - it's part of their skill set.,analysis
"Jaylen Brown: To all the people that doubted me or want me gone, you're turning me into a monster.",reaction
Sources: Michigan's Dusty May finalizing deal to coach Mavericks. Michigan coach Dusty May is finalizing a deal to take the Dallas Mavericks' head coaching job. May led Michigan to a 64-13 record over two seasons in Ann Arbor.,news
"I think Reggie nailed it in game 4. He said the Wolves had no disdain for the Mavs, like they did for the Nuggets and Suns, which led to less motivation and competitiveness in them. Tbh, I think he’s spot on. As a fan, I wanted to beat Phoenix and Denver soooooo bad, but I was meh on Dallas.",hot_take
